geo_code1,origin_bicycle,origin_all,origin_ratio,destination_bicycle,destination_all,destination_ratio
E02000001,222,3657,6.07%,12964,244502,5.30%
E02000002,26,1720,1.51%,7,516,1.36%
E02000003,34,3349,1.02%,48,2222,2.16%
E02000004,35,2074,1.69%,19,862,2.20%
E02000005,55,2616,2.10%,18,714,2.52%
E02000007,41,2467,1.66%,50,2509,1.99%
E02000008,57,3310,1.72%,49,1308,3.75%
E02000009,49,2473,1.98%,10,407,2.46%
E02000010,34,2489,1.37%,12,743,1.62%
E02000011,37,1965,1.88%,59,1687,3.50%
E02000012,48,3081,1.56%,22,834,2.64%
E02000013,49,2416,2.03%,10,576,1.74%
E02000014,45,2748,1.64%,17,954,1.78%
E02000015,66,2079,3.17%,9,701,1.28%
E02000016,23,2341,0.98%,83,5064,1.64%
E02000017,32,2617,1.22%,21,752,2.79%
E02000018,48,2469,1.94%,9,418,2.15%
E02000019,57,2504,2.28%,97,2633,3.68%
E02000020,57,2613,2.18%,110,3262,3.37%
E02000021,42,2379,1.77%,68,3110,2.19%
E02000022,37,2076,1.78%,22,1389,1.58%
E02000023,53,1705,3.11%,60,1635,3.67%
E02000024,70,3279,2.13%,36,3221,1.12%
E02000025,42,2676,1.57%,8,737,1.09%
E02000026,19,2040,0.93%,11,388,2.84%
E02000027,28,2751,1.02%,20,2370,0.84%
E02000028,25,2116,1.18%,17,1091,1.56%
E02000029,37,2899,1.28%,5,1340,0.37%
E02000030,25,2591,0.96%,30,1108,2.71%
E02000031,36,2412,1.49%,34,2553,1.33%
E02000032,27,2726,0.99%,19,550,3.45%
E02000033,34,2891,1.18%,45,2439,1.85%
E02000034,52,2952,1.76%,12,897,1.34%
E02000035,46,2824,1.63%,16,1346,1.19%
E02000036,28,3233,0.87%,6,711,0.84%
E02000037,29,2851,1.02%,10,774,1.29%
E02000038,73,3736,1.95%,24,1391,1.73%
E02000039,30,2139,1.40%,17,1539,1.10%
E02000040,30,2162,1.39%,83,2770,3.00%
E02000041,16,2707,0.59%,33,2866,1.15%
E02000042,77,3922,1.96%,50,3297,1.52%
E02000043,44,2644,1.66%,7,261,2.68%
E02000044,26,2461,1.06%,13,719,1.81%
E02000045,115,3700,3.11%,11,1190,0.92%
E02000046,50,2822,1.77%,41,1895,2.16%
E02000047,29,3344,0.87%,15,1810,0.83%
E02000048,38,3291,1.15%,22,939,2.34%
E02000049,16,2313,0.69%,30,1354,2.22%
E02000050,92,3661,2.51%,46,1605,2.87%
E02000051,52,2905,1.79%,83,3216,2.58%
E02000052,163,3979,4.10%,48,1687,2.85%
E02000053,39,2889,1.35%,80,3426,2.34%
E02000054,35,2416,1.45%,39,1176,3.32%
E02000055,56,3626,1.54%,48,3773,1.27%
E02000056,89,3033,2.93%,40,1312,3.05%
E02000057,42,2299,1.83%,16,1040,1.54%
E02000058,104,3426,3.04%,40,2047,1.95%
E02000059,53,3541,1.50%,46,2283,2.01%
E02000060,57,3122,1.83%,15,1455,1.03%
E02000061,80,2908,2.75%,44,2279,1.93%
E02000062,56,2093,2.68%,54,6034,0.89%
E02000063,57,2264,2.52%,11,487,2.26%
E02000064,72,2018,3.57%,14,664,2.11%
E02000065,29,2295,1.26%,26,1602,1.62%
E02000066,40,2909,1.38%,6,567,1.06%
E02000067,40,2917,1.37%,33,1779,1.85%
E02000068,28,2291,1.22%,51,3035,1.68%
E02000069,34,1921,1.77%,10,606,1.65%
E02000070,43,2687,1.60%,6,266,2.26%
E02000071,39,2463,1.58%,20,1141,1.75%
E02000072,46,3236,1.42%,58,1560,3.72%
E02000073,54,3711,1.46%,7,535,1.31%
E02000074,32,2279,1.40%,8,618,1.29%
E02000075,38,2710,1.40%,5,524,0.95%
E02000077,38,2815,1.35%,13,597,2.18%
E02000078,28,2811,1.00%,2,395,0.51%
E02000079,39,2741,1.42%,93,5892,1.58%
E02000080,33,3283,1.01%,24,2058,1.17%
E02000081,33,2376,1.39%,57,1207,4.72%
E02000082,47,3288,1.43%,9,889,1.01%
E02000083,29,2883,1.01%,45,2878,1.56%
E02000084,57,3741,1.52%,7,811,0.86%
E02000085,38,2766,1.37%,9,775,1.16%
E02000086,40,2763,1.45%,19,682,2.79%
E02000087,30,2457,1.22%,21,1002,2.10%
E02000088,49,2790,1.76%,1,339,0.29%
E02000089,59,2738,2.15%,10,397,2.52%
E02000090,50,3087,1.62%,100,4196,2.38%
E02000091,56,3151,1.78%,31,2255,1.37%
E02000092,29,1968,1.47%,27,2367,1.14%
E02000093,20,3553,0.56%,16,1956,0.82%
E02000094,32,2745,1.17%,26,2171,1.20%
E02000095,20,3180,0.63%,35,1671,2.09%
E02000096,24,2579,0.93%,7,936,0.75%
E02000097,28,2835,0.99%,11,875,1.26%
E02000098,16,2517,0.64%,9,822,1.09%
E02000099,41,2787,1.47%,26,1542,1.69%
E02000100,37,3118,1.19%,115,4798,2.40%
E02000101,23,2813,0.82%,21,1994,1.05%
E02000102,28,2169,1.29%,7,761,0.92%
E02000103,51,2533,2.01%,67,3389,1.98%
E02000104,26,2218,1.17%,8,984,0.81%
E02000105,35,3174,1.10%,13,970,1.34%
E02000106,85,3043,2.79%,33,2169,1.52%
E02000107,146,4079,3.58%,18,1163,1.55%
E02000108,24,2220,1.08%,3,136,2.21%
E02000109,49,3500,1.40%,76,6348,1.20%
E02000110,140,3184,4.40%,11,351,3.13%
E02000111,47,3521,1.33%,24,1962,1.22%
E02000112,55,3508,1.57%,52,3630,1.43%
E02000113,52,2607,1.99%,48,2567,1.87%
E02000114,162,3673,4.41%,18,1051,1.71%
E02000115,194,3540,5.48%,13,412,3.16%
E02000116,81,2661,3.04%,64,1956,3.27%
E02000117,125,3367,3.71%,41,1603,2.56%
E02000118,63,3315,1.90%,32,2068,1.55%
E02000119,42,1911,2.20%,365,9680,3.77%
E02000120,317,4058,7.81%,60,1412,4.25%
E02000121,50,3317,1.51%,90,3769,2.39%
E02000122,215,2926,7.35%,35,865,4.05%
E02000123,217,4605,4.71%,33,2220,1.49%
E02000124,388,4270,9.09%,167,2740,6.09%
E02000125,298,4172,7.14%,29,410,7.07%
E02000126,122,2472,4.94%,22,995,2.21%
E02000127,37,2768,1.34%,14,673,2.08%
E02000128,46,2688,1.71%,9,1013,0.89%
E02000130,119,3198,3.72%,53,2274,2.33%
E02000131,160,3790,4.22%,24,958,2.51%
E02000132,85,3880,2.19%,45,3011,1.49%
E02000133,40,3377,1.18%,22,1358,1.62%
E02000134,98,4483,2.19%,112,4605,2.43%
E02000135,61,3216,1.90%,18,1407,1.28%
E02000136,22,1641,1.34%,9,1052,0.86%
E02000137,69,3111,2.22%,7,546,1.28%
E02000138,59,3269,1.80%,27,1278,2.11%
E02000139,74,3169,2.34%,23,1084,2.12%
E02000140,27,2322,1.16%,23,1543,1.49%
E02000141,62,2846,2.18%,16,731,2.19%
E02000142,48,3058,1.57%,36,2789,1.29%
E02000144,74,3550,2.08%,182,11341,1.60%
E02000145,40,2316,1.73%,33,2006,1.65%
E02000146,65,3237,2.01%,31,1860,1.67%
E02000147,37,2745,1.35%,8,404,1.98%
E02000148,23,2230,1.03%,14,1170,1.20%
E02000149,31,2553,1.21%,28,1763,1.59%
E02000150,69,3088,2.23%,71,2023,3.51%
E02000151,27,2665,1.01%,4,480,0.83%
E02000152,34,2109,1.61%,25,1111,2.25%
E02000153,50,2800,1.79%,5,345,1.45%
E02000154,34,2851,1.19%,74,3701,2.00%
E02000155,18,2271,0.79%,10,415,2.41%
E02000156,61,4296,1.42%,29,2339,1.24%
E02000157,41,2682,1.53%,7,651,1.08%
E02000158,33,2188,1.51%,5,437,1.14%
E02000159,32,2148,1.49%,30,1957,1.53%
E02000160,51,2682,1.90%,23,1679,1.37%
E02000161,33,2978,1.11%,9,609,1.48%
E02000162,27,2149,1.26%,41,3402,1.21%
E02000163,25,2486,1.01%,15,1538,0.98%
E02000165,14,2334,0.60%,5,466,1.07%
E02000166,361,2821,12.80%,109,1888,5.77%
E02000167,177,2956,5.99%,81,2404,3.37%
E02000168,469,3264,14.37%,263,3747,7.02%
E02000169,110,2510,4.38%,47,1042,4.51%
E02000170,227,3804,5.97%,44,1131,3.89%
E02000171,317,3112,10.19%,69,1206,5.72%
E02000172,343,3237,10.60%,233,3471,6.71%
E02000173,133,3249,4.09%,349,8777,3.98%
E02000174,403,3523,11.44%,187,1894,9.87%
E02000175,206,4300,4.79%,65,2595,2.50%
E02000176,159,2942,5.40%,61,1092,5.59%
E02000177,263,3202,8.21%,164,1490,11.01%
E02000178,185,3844,4.81%,52,1222,4.26%
E02000179,146,2265,6.45%,27,740,3.65%
E02000180,393,3010,13.06%,112,1276,8.78%
E02000181,202,3787,5.33%,13,426,3.05%
E02000182,87,2309,3.77%,81,2459,3.29%
E02000183,346,3022,11.45%,369,5156,7.16%
E02000184,227,2991,7.59%,481,7110,6.77%
E02000185,145,2894,5.01%,54,1682,3.21%
E02000186,218,2688,8.11%,915,18220,5.02%
E02000187,122,2321,5.26%,233,5678,4.10%
E02000188,131,2342,5.59%,246,4954,4.97%
E02000189,145,1659,8.74%,280,4042,6.93%
E02000190,158,2078,7.60%,515,7671,6.71%
E02000191,133,2315,5.75%,2607,31929,8.16%
E02000192,184,2704,6.80%,1806,22958,7.87%
E02000193,119,3075,3.87%,3619,52778,6.86%
E02000194,147,3414,4.31%,48,1756,2.73%
E02000195,97,3353,2.89%,20,729,2.74%
E02000196,33,2485,1.33%,37,986,3.75%
E02000197,66,3049,2.16%,15,862,1.74%
E02000198,48,2752,1.74%,23,962,2.39%
E02000199,55,2978,1.85%,7,460,1.52%
E02000200,69,3052,2.26%,19,1152,1.65%
E02000201,31,2826,1.10%,19,1071,1.77%
E02000202,48,3014,1.59%,3,631,0.48%
E02000203,27,2599,1.04%,43,1982,2.17%
E02000204,45,3147,1.43%,16,1099,1.46%
E02000206,54,3093,1.75%,57,2605,2.19%
E02000207,50,3011,1.66%,15,1060,1.42%
E02000208,58,3117,1.86%,77,3723,2.07%
E02000209,36,2859,1.26%,29,1476,1.96%
E02000210,52,3250,1.60%,11,586,1.88%
E02000211,42,3020,1.39%,6,508,1.18%
E02000212,41,2840,1.44%,45,2776,1.62%
E02000213,37,3110,1.19%,83,5383,1.54%
E02000214,25,2296,1.09%,6,668,0.90%
E02000215,69,4198,1.64%,19,2129,0.89%
E02000216,19,2435,0.78%,8,598,1.34%
E02000217,72,3607,2.00%,111,6002,1.85%
E02000218,26,2076,1.25%,6,463,1.30%
E02000219,33,2701,1.22%,19,1114,1.71%
E02000220,55,4069,1.35%,227,12589,1.80%
E02000221,42,3141,1.34%,72,3766,1.91%
E02000222,58,3137,1.85%,27,1681,1.61%
E02000223,10,2119,0.47%,2,343,0.58%
E02000224,41,2962,1.38%,34,1739,1.96%
E02000225,7,2342,0.30%,8,847,0.94%
E02000226,20,2559,0.78%,11,1134,0.97%
E02000227,25,4129,0.61%,12,963,1.25%
E02000228,21,2423,0.87%,2,654,0.31%
E02000229,9,1721,0.52%,7,1113,0.63%
E02000230,43,3369,1.28%,45,2544,1.77%
E02000231,24,2318,1.04%,16,961,1.66%
E02000232,20,1738,1.15%,1,519,0.19%
E02000233,32,1915,1.67%,3,637,0.47%
E02000234,31,2508,1.24%,20,1654,1.21%
E02000235,28,2089,1.34%,12,707,1.70%
E02000236,28,2271,1.23%,10,525,1.90%
E02000237,21,1895,1.11%,13,674,1.93%
E02000238,52,3329,1.56%,32,1961,1.63%
E02000239,47,3323,1.41%,8,608,1.32%
E02000240,34,3167,1.07%,16,653,2.45%
E02000241,35,2397,1.46%,41,1149,3.57%
E02000242,69,2305,2.99%,38,1647,2.31%
E02000243,46,2905,1.58%,114,4037,2.82%
E02000244,91,2547,3.57%,80,2631,3.04%
E02000245,45,2495,1.80%,14,547,2.56%
E02000246,27,2566,1.05%,2,468,0.43%
E02000247,66,3284,2.01%,17,989,1.72%
E02000248,76,2684,2.83%,120,4298,2.79%
E02000249,61,2560,2.38%,61,2045,2.98%
E02000250,100,2320,4.31%,9,533,1.69%
E02000251,29,2777,1.04%,13,295,4.41%
E02000252,155,3615,4.29%,498,13834,3.60%
E02000253,92,2888,3.19%,15,456,3.29%
E02000254,40,3126,1.28%,18,584,3.08%
E02000255,120,3178,3.78%,28,856,3.27%
E02000256,139,3434,4.05%,167,4572,3.65%
E02000257,176,5464,3.22%,144,5671,2.54%
E02000258,161,2350,6.85%,9,322,2.80%
E02000259,106,2379,4.46%,22,684,3.22%
E02000260,39,2831,1.38%,41,2483,1.65%
E02000261,274,3885,7.05%,59,1127,5.24%
E02000262,244,3368,7.24%,83,2215,3.75%
E02000263,37,3593,1.03%,39,1404,2.78%
E02000264,157,3172,4.95%,45,1352,3.33%
E02000265,236,4320,5.46%,53,2280,2.32%
E02000266,64,3384,1.89%,213,7461,2.85%
E02000267,144,2719,5.30%,55,1280,4.30%
E02000268,178,3583,4.97%,103,1841,5.59%
E02000269,212,3420,6.20%,70,2104,3.33%
E02000270,126,2512,5.02%,121,2705,4.47%
E02000271,209,2721,7.68%,154,2255,6.83%
E02000272,126,2682,4.70%,50,1138,4.39%
E02000274,45,3771,1.19%,58,2281,2.54%
E02000275,45,2215,2.03%,13,972,1.34%
E02000276,181,2819,6.42%,29,834,3.48%
E02000277,34,2107,1.61%,11,427,2.58%
E02000278,46,2187,2.10%,4,550,0.73%
E02000279,56,3233,1.73%,40,1829,2.19%
E02000280,62,2805,2.21%,29,1562,1.86%
E02000281,67,2776,2.41%,23,1208,1.90%
E02000282,38,2317,1.64%,21,977,2.15%
E02000283,51,2457,2.08%,27,740,3.65%
E02000284,58,2995,1.94%,33,2160,1.53%
E02000285,40,2328,1.72%,55,2307,2.38%
E02000286,44,3091,1.42%,60,4003,1.50%
E02000287,14,1961,0.71%,37,1729,2.14%
E02000288,56,3062,1.83%,93,4460,2.09%
E02000289,16,2169,0.74%,2,472,0.42%
E02000290,33,1925,1.71%,159,4111,3.87%
E02000291,70,3025,2.31%,76,3213,2.37%
E02000292,66,3304,2.00%,47,2010,2.34%
E02000293,31,2126,1.46%,5,369,1.36%
E02000294,28,2624,1.07%,19,804,2.36%
E02000295,23,2816,0.82%,21,908,2.31%
E02000296,32,3274,0.98%,74,4344,1.70%
E02000297,62,3357,1.85%,18,955,1.88%
E02000298,52,2949,1.76%,17,1073,1.58%
E02000299,38,2676,1.42%,14,1096,1.28%
E02000300,31,2501,1.24%,23,596,3.86%
E02000301,35,2783,1.26%,26,1112,2.34%
E02000302,31,2818,1.10%,21,884,2.38%
E02000303,28,2175,1.29%,35,1297,2.70%
E02000304,53,2875,1.84%,7,525,1.33%
E02000305,77,3376,2.28%,21,1602,1.31%
E02000306,31,2345,1.32%,89,3415,2.61%
E02000307,32,3089,1.04%,15,502,2.99%
E02000308,51,2634,1.94%,34,1354,2.51%
E02000309,46,2992,1.54%,66,2819,2.34%
E02000311,48,3405,1.41%,12,1150,1.04%
E02000312,111,4149,2.68%,23,1286,1.79%
E02000313,24,2029,1.18%,1,249,0.40%
E02000314,50,3968,1.26%,75,3864,1.94%
E02000315,27,2547,1.06%,9,789,1.14%
E02000316,80,4323,1.85%,199,8603,2.31%
E02000317,39,2262,1.72%,7,641,1.09%
E02000318,30,3104,0.97%,33,1443,2.29%
E02000319,59,3721,1.59%,24,1460,1.64%
E02000320,30,2200,1.36%,4,588,0.68%
E02000321,33,2243,1.47%,15,800,1.88%
E02000323,63,3181,1.98%,24,1625,1.48%
E02000324,50,2356,2.12%,11,1052,1.05%
E02000326,140,2779,5.04%,14,432,3.24%
E02000327,86,2017,4.26%,144,4640,3.10%
E02000328,140,2705,5.18%,17,686,2.48%
E02000329,41,2154,1.90%,3,446,0.67%
E02000331,89,2783,3.20%,17,569,2.99%
E02000332,84,2584,3.25%,24,938,2.56%
E02000333,168,2732,6.15%,29,1211,2.39%
E02000334,71,2208,3.22%,17,440,3.86%
E02000335,71,2510,2.83%,4,250,1.60%
E02000337,48,2630,1.83%,19,533,3.56%
E02000339,47,2131,2.21%,30,1819,1.65%
E02000340,44,2221,1.98%,46,2471,1.86%
E02000341,43,2301,1.87%,20,696,2.87%
E02000342,32,1883,1.70%,26,945,2.75%
E02000343,27,2159,1.25%,9,400,2.25%
E02000344,37,2329,1.59%,22,971,2.27%
E02000345,152,2293,6.63%,76,2407,3.16%
E02000346,104,1763,5.90%,46,718,6.41%
E02000347,265,2260,11.73%,37,1204,3.07%
E02000348,170,2135,7.96%,37,808,4.58%
E02000350,717,3815,18.79%,59,985,5.99%
E02000351,539,4140,13.02%,44,471,9.34%
E02000352,504,2529,19.93%,72,600,12.00%
E02000353,784,3491,22.46%,141,1614,8.74%
E02000354,640,3310,19.34%,69,1191,5.79%
E02000355,663,3182,20.84%,55,857,6.42%
E02000356,756,3318,22.78%,107,869,12.31%
E02000357,105,1618,6.49%,43,488,8.81%
E02000358,848,4528,18.73%,165,1731,9.53%
E02000359,509,2345,21.71%,43,454,9.47%
E02000360,614,3964,15.49%,106,1077,9.84%
E02000361,638,3192,19.99%,356,5010,7.11%
E02000362,364,2176,16.73%,122,1728,7.06%
E02000363,330,3127,10.55%,265,3734,7.10%
E02000364,941,3727,25.25%,108,1675,6.45%
E02000365,1112,5756,19.32%,311,3190,9.75%
E02000366,506,2933,17.25%,70,649,10.79%
E02000367,887,4215,21.04%,447,3244,13.78%
E02000368,564,3332,16.93%,79,652,12.12%
E02000369,559,4490,12.45%,327,2851,11.47%
E02000370,352,3158,11.15%,380,2724,13.95%
E02000371,604,5484,11.01%,2674,25753,10.38%
E02000372,174,3253,5.35%,1118,13770,8.12%
E02000373,86,1957,4.39%,36,705,5.11%
E02000374,237,2570,9.22%,17,289,5.88%
E02000375,227,2928,7.75%,656,11533,5.69%
E02000376,313,3173,9.86%,98,2284,4.29%
E02000377,329,3414,9.64%,70,1010,6.93%
E02000378,239,3099,7.71%,136,2134,6.37%
E02000379,323,3026,10.67%,47,650,7.23%
E02000380,268,2494,10.75%,144,1131,12.73%
E02000381,330,3409,9.68%,243,2926,8.30%
E02000382,215,2466,8.72%,276,2807,9.83%
E02000383,258,4082,6.32%,390,5343,7.30%
E02000384,202,2907,6.95%,984,16886,5.83%
E02000385,254,3367,7.54%,62,905,6.85%
E02000386,179,3196,5.60%,100,2752,3.63%
E02000387,233,2699,8.63%,304,4109,7.40%
E02000388,350,3864,9.06%,180,2444,7.36%
E02000389,393,3530,11.13%,324,2417,13.41%
E02000390,314,2886,10.88%,119,1244,9.57%
E02000391,239,3197,7.48%,217,3194,6.79%
E02000392,343,4356,7.87%,262,3198,8.19%
E02000393,267,2976,8.97%,44,523,8.41%
E02000394,273,3156,8.65%,262,3373,7.77%
E02000395,230,2609,8.82%,213,2842,7.49%
E02000396,245,2672,9.17%,175,2081,8.41%
E02000397,91,2874,3.17%,16,676,2.37%
E02000398,42,1772,2.37%,79,2109,3.75%
E02000400,89,2699,3.30%,25,1203,2.08%
E02000401,51,1781,2.86%,14,504,2.78%
E02000402,44,1794,2.45%,13,549,2.37%
E02000403,86,2763,3.11%,126,4148,3.04%
E02000404,48,2328,2.06%,13,713,1.82%
E02000405,149,2527,5.90%,31,696,4.45%
E02000406,92,2417,3.81%,10,329,3.04%
E02000407,84,2027,4.14%,31,1135,2.73%
E02000408,63,2015,3.13%,28,1186,2.36%
E02000409,84,1944,4.32%,26,940,2.77%
E02000410,153,2745,5.57%,21,1007,2.09%
E02000411,54,2246,2.40%,63,2207,2.85%
E02000412,92,2380,3.87%,123,4622,2.66%
E02000413,181,2671,6.78%,27,732,3.69%
E02000414,167,2404,6.95%,14,429,3.26%
E02000415,143,2557,5.59%,38,914,4.16%
E02000416,231,2975,7.76%,38,1102,3.45%
E02000417,212,2790,7.60%,53,1700,3.12%
E02000418,185,2205,8.39%,27,552,4.89%
E02000419,229,3344,6.85%,23,1349,1.70%
E02000420,122,2413,5.06%,9,713,1.26%
E02000421,95,2227,4.27%,89,2710,3.28%
E02000422,148,2440,6.07%,24,770,3.12%
E02000423,230,2761,8.33%,49,1815,2.70%
E02000424,287,3071,9.35%,31,899,3.45%
E02000425,76,1878,4.05%,33,657,5.02%
E02000426,146,2613,5.59%,57,1591,3.58%
E02000427,271,3063,8.85%,25,792,3.16%
E02000428,161,2206,7.30%,33,1305,2.53%
E02000429,253,2989,8.46%,41,653,6.28%
E02000430,329,3508,9.38%,62,1859,3.34%
E02000431,252,3236,7.79%,30,806,3.72%
E02000432,332,3017,11.00%,23,429,5.36%
E02000433,11,2152,0.51%,24,2244,1.07%
E02000434,17,2642,0.64%,19,1369,1.39%
E02000435,26,2064,1.26%,4,606,0.66%
E02000436,7,1753,0.40%,6,473,1.27%
E02000437,18,2584,0.70%,5,944,0.53%
E02000438,20,2318,0.86%,27,1480,1.82%
E02000439,14,2495,0.56%,15,1239,1.21%
E02000440,18,3125,0.58%,7,606,1.16%
E02000441,21,2030,1.03%,4,483,0.83%
E02000442,16,2707,0.59%,5,768,0.65%
E02000443,35,2943,1.19%,15,1453,1.03%
E02000444,17,2720,0.63%,17,553,3.07%
E02000445,61,3279,1.86%,34,2067,1.64%
E02000447,40,2397,1.67%,10,496,2.02%
E02000448,29,2111,1.37%,37,1874,1.97%
E02000449,5,2594,0.19%,5,433,1.15%
E02000451,23,2204,1.04%,6,556,1.08%
E02000452,48,3106,1.55%,75,3994,1.88%
E02000453,48,2700,1.78%,12,1012,1.19%
E02000454,29,2325,1.25%,7,401,1.75%
E02000455,19,3035,0.63%,65,6280,1.04%
E02000456,34,2598,1.31%,7,372,1.88%
E02000457,31,2076,1.49%,36,1832,1.97%
E02000459,28,2810,1.00%,27,1678,1.61%
E02000460,22,2063,1.07%,5,489,1.02%
E02000461,30,2426,1.24%,35,2257,1.55%
E02000462,22,2179,1.01%,5,758,0.66%
E02000463,24,2708,0.89%,5,405,1.23%
E02000464,16,1724,0.93%,2,453,0.44%
E02000465,20,2269,0.88%,5,673,0.74%
E02000466,21,2438,0.86%,6,691,0.87%
E02000467,31,2592,1.20%,21,1117,1.88%
E02000468,26,2482,1.05%,9,806,1.12%
E02000469,24,1820,1.32%,6,775,0.77%
E02000470,23,2547,0.90%,61,3556,1.72%
E02000471,31,2315,1.34%,6,336,1.79%
E02000472,28,3031,0.92%,22,837,2.63%
E02000473,26,3292,0.79%,16,1329,1.20%
E02000474,51,2772,1.84%,20,896,2.23%
E02000475,38,3241,1.17%,12,989,1.21%
E02000476,33,3015,1.09%,139,10706,1.30%
E02000477,39,3391,1.15%,7,538,1.30%
E02000478,12,1833,0.65%,0,362,0.00%
E02000479,33,3039,1.09%,52,3070,1.69%
E02000480,68,3516,1.93%,137,6239,2.20%
E02000481,22,2354,0.93%,7,554,1.26%
E02000482,20,1989,1.01%,10,688,1.45%
E02000483,23,2558,0.90%,34,2664,1.28%
E02000484,43,3038,1.42%,11,754,1.46%
E02000485,20,2737,0.73%,30,1751,1.71%
E02000486,36,2651,1.36%,4,814,0.49%
E02000487,25,2441,1.02%,14,692,2.02%
E02000488,28,2700,1.04%,7,1021,0.69%
E02000489,29,2650,1.09%,8,488,1.64%
E02000490,25,2447,1.02%,8,503,1.59%
E02000491,45,2573,1.75%,48,1785,2.69%
E02000492,17,1895,0.90%,33,1614,2.04%
E02000493,26,1939,1.34%,8,835,0.96%
E02000494,14,2165,0.65%,13,1263,1.03%
E02000495,39,2980,1.31%,20,1840,1.09%
E02000496,43,2023,2.13%,31,2061,1.50%
E02000497,41,2858,1.43%,11,975,1.13%
E02000498,28,1986,1.41%,15,672,2.23%
E02000499,40,2611,1.53%,18,1058,1.70%
E02000500,49,2665,1.84%,52,2333,2.23%
E02000501,40,2970,1.35%,15,889,1.69%
E02000502,69,2901,2.38%,26,885,2.94%
E02000503,99,3675,2.69%,8,457,1.75%
E02000504,54,2410,2.24%,19,901,2.11%
E02000506,41,2413,1.70%,22,1172,1.88%
E02000507,50,2764,1.81%,18,881,2.04%
E02000508,55,2704,2.03%,209,9190,2.27%
E02000509,62,2874,2.16%,139,7207,1.93%
E02000510,44,2908,1.51%,80,3621,2.21%
E02000511,58,3246,1.79%,23,1498,1.54%
E02000512,52,2480,2.10%,12,548,2.19%
E02000513,49,2754,1.78%,20,924,2.16%
E02000514,40,3265,1.23%,6,853,0.70%
E02000515,118,3502,3.37%,44,2154,2.04%
E02000516,57,2798,2.04%,18,394,4.57%
E02000517,43,2649,1.62%,9,704,1.28%
E02000518,69,2733,2.52%,86,3207,2.68%
E02000519,42,2709,1.55%,49,2380,2.06%
E02000520,61,3472,1.76%,192,7449,2.58%
E02000521,59,3071,1.92%,15,921,1.63%
E02000522,66,2716,2.43%,17,861,1.97%
E02000523,40,3137,1.28%,61,2127,2.87%
E02000524,41,2299,1.78%,274,24673,1.11%
E02000525,32,3087,1.04%,45,2805,1.60%
E02000526,276,3395,8.13%,277,3471,7.98%
E02000528,211,3699,5.70%,227,3703,6.13%
E02000529,35,2757,1.27%,21,677,3.10%
E02000530,25,1890,1.32%,112,3901,2.87%
E02000531,251,3948,6.36%,323,5674,5.69%
E02000532,314,3361,9.34%,115,1689,6.81%
E02000533,277,3299,8.40%,50,648,7.72%
E02000534,121,3089,3.92%,387,6954,5.57%
E02000535,54,3251,1.66%,10,440,2.27%
E02000536,46,3123,1.47%,84,2345,3.58%
E02000537,54,3243,1.67%,13,602,2.16%
E02000538,60,2871,2.09%,83,3030,2.74%
E02000539,215,4136,5.20%,214,3915,5.47%
E02000540,119,3325,3.58%,74,2485,2.98%
E02000541,51,2935,1.74%,23,1106,2.08%
E02000542,55,3261,1.69%,57,2212,2.58%
E02000543,98,4417,2.22%,104,4492,2.32%
E02000544,106,3012,3.52%,19,508,3.74%
E02000545,170,2839,5.99%,102,1635,6.24%
E02000546,83,3223,2.58%,66,1540,4.29%
E02000547,112,3031,3.70%,183,4429,4.13%
E02000548,113,2852,3.96%,60,2523,2.38%
E02000549,129,3637,3.55%,61,1682,3.63%
E02000550,105,3302,3.18%,29,1226,2.37%
E02000551,118,2526,4.67%,128,2199,5.82%
E02000552,92,2646,3.48%,98,2169,4.52%
E02000553,86,2068,4.16%,11,316,3.48%
E02000554,323,3327,9.71%,61,884,6.90%
E02000555,328,3666,8.95%,76,1248,6.09%
E02000556,483,4264,11.33%,94,1674,5.62%
E02000557,303,3280,9.24%,198,4910,4.03%
E02000558,201,2720,7.39%,67,1550,4.32%
E02000559,512,4250,12.05%,362,7726,4.69%
E02000560,344,3218,10.69%,130,2890,4.50%
E02000561,504,3208,15.71%,29,723,4.01%
E02000562,473,3235,14.62%,115,1108,10.38%
E02000563,310,3147,9.85%,86,1503,5.72%
E02000564,538,5138,10.47%,187,2830,6.61%
E02000565,474,3070,15.44%,73,926,7.88%
E02000566,496,3889,12.75%,236,3543,6.66%
E02000567,599,4705,12.73%,85,951,8.94%
E02000568,276,3122,8.84%,274,4609,5.94%
E02000569,349,4203,8.30%,253,2831,8.94%
E02000570,529,4122,12.83%,163,1327,12.28%
E02000571,358,3229,11.09%,143,1564,9.14%
E02000572,178,2626,6.78%,178,2055,8.66%
E02000573,444,4181,10.62%,714,8593,8.31%
E02000574,345,3446,10.01%,877,10102,8.68%
E02000575,403,4855,8.30%,3222,29213,11.03%
E02000576,254,3388,7.50%,1681,26162,6.43%
E02000577,122,2169,5.62%,293,3668,7.99%
E02000578,105,1732,6.06%,166,2187,7.59%
E02000579,288,3199,9.00%,143,1694,8.44%
E02000580,293,3503,8.36%,202,2604,7.76%
E02000581,180,2226,8.09%,158,2573,6.14%
E02000582,180,3277,5.49%,155,2854,5.43%
E02000583,201,2759,7.29%,142,1862,7.63%
E02000584,202,3197,6.32%,332,6120,5.42%
E02000585,169,2956,5.72%,146,1859,7.85%
E02000586,148,2861,5.17%,522,7561,6.90%
E02000587,158,2660,5.94%,239,3054,7.83%
E02000588,114,3144,3.63%,683,15308,4.46%
E02000589,137,3246,4.22%,105,3142,3.34%
E02000590,87,2564,3.39%,295,4789,6.16%
E02000591,129,2710,4.76%,72,1335,5.39%
E02000592,111,2866,3.87%,448,6313,7.10%
E02000593,166,3296,5.04%,53,1175,4.51%
E02000594,149,2701,5.52%,268,3994,6.71%
E02000595,142,2767,5.13%,474,6528,7.26%
E02000596,167,3146,5.31%,375,4966,7.55%
E02000597,128,2379,5.38%,198,2196,9.02%
E02000598,255,2669,9.55%,50,659,7.59%
E02000599,78,2078,3.75%,86,1592,5.40%
E02000600,159,2883,5.52%,166,3138,5.29%
E02000601,321,3865,8.31%,135,1709,7.90%
E02000602,204,3392,6.01%,249,3325,7.49%
E02000603,151,2607,5.79%,52,778,6.68%
E02000604,151,3077,4.91%,158,3300,4.79%
E02000605,177,2741,6.46%,70,1099,6.37%
E02000606,184,3920,4.69%,854,12446,6.86%
E02000607,170,2341,7.26%,58,582,9.97%
E02000608,129,2663,4.84%,94,1939,4.85%
E02000609,73,2237,3.26%,29,578,5.02%
E02000610,151,2837,5.32%,67,1507,4.45%
E02000611,143,2335,6.12%,17,369,4.61%
E02000612,84,2693,3.12%,22,550,4.00%
E02000613,129,2702,4.77%,39,794,4.91%
E02000614,109,2842,3.84%,103,3038,3.39%
E02000615,67,2379,2.82%,51,1090,4.68%
E02000616,47,1958,2.40%,26,727,3.58%
E02000617,79,2487,3.18%,54,1753,3.08%
E02000619,265,3098,8.55%,135,1955,6.91%
E02000620,467,4219,11.07%,439,6055,7.25%
E02000621,511,4945,10.33%,347,5488,6.32%
E02000622,453,3854,11.75%,141,2137,6.60%
E02000623,285,3060,9.31%,46,527,8.73%
E02000624,305,3357,9.09%,34,671,5.07%
E02000625,236,3178,7.43%,94,1598,5.88%
E02000626,248,2697,9.20%,69,841,8.20%
E02000627,412,4499,9.16%,76,1376,5.52%
E02000628,217,3477,6.24%,229,3893,5.88%
E02000629,445,4738,9.39%,113,1675,6.75%
E02000630,386,3770,10.24%,175,2439,7.18%
E02000631,547,3914,13.98%,452,8716,5.19%
E02000632,611,5746,10.63%,87,1169,7.44%
E02000633,389,3657,10.64%,156,3184,4.90%
E02000634,253,3258,7.77%,105,2058,5.10%
E02000635,551,4106,13.42%,96,1157,8.30%
E02000636,433,3951,10.96%,65,1521,4.27%
E02000637,638,4374,14.59%,49,852,5.75%
E02000638,411,4238,9.70%,52,1614,3.22%
E02000639,205,2997,6.84%,16,321,4.98%
E02000640,463,4527,10.23%,91,940,9.68%
E02000641,198,3019,6.56%,20,629,3.18%
E02000642,386,3923,9.84%,44,950,4.63%
E02000643,284,3623,7.84%,23,905,2.54%
E02000644,291,3514,8.28%,52,717,7.25%
E02000645,316,3770,8.38%,97,2410,4.02%
E02000646,287,4118,6.97%,67,1969,3.40%
E02000647,194,3274,5.93%,26,601,4.33%
E02000648,122,2463,4.95%,20,779,2.57%
E02000649,342,4811,7.11%,51,1997,2.55%
E02000650,165,2829,5.83%,21,708,2.97%
E02000651,202,3308,6.11%,23,714,3.22%
E02000652,74,2479,2.99%,12,371,3.23%
E02000653,176,3398,5.18%,18,692,2.60%
E02000654,98,2555,3.84%,42,1439,2.92%
E02000655,213,3218,6.62%,60,1648,3.64%
E02000657,207,3728,5.55%,137,2335,5.87%
E02000658,264,3284,8.04%,37,886,4.18%
E02000659,145,3044,4.76%,67,1997,3.36%
E02000660,247,3809,6.48%,55,1112,4.95%
E02000661,122,2890,4.22%,63,1889,3.34%
E02000662,212,3210,6.60%,66,1028,6.42%
E02000663,194,2947,6.58%,15,432,3.47%
E02000664,160,3931,4.07%,232,7219,3.21%
E02000665,153,3433,4.46%,43,941,4.57%
E02000666,170,2837,5.99%,26,566,4.59%
E02000667,172,2652,6.49%,6,538,1.12%
E02000668,112,2695,4.16%,35,1017,3.44%
E02000669,102,3198,3.19%,28,1073,2.61%
E02000670,83,2355,3.52%,8,738,1.08%
E02000671,231,3512,6.58%,98,1951,5.02%
E02000672,107,2935,3.65%,183,5036,3.63%
E02000673,204,3374,6.05%,30,1173,2.56%
E02000674,88,3084,2.85%,7,512,1.37%
E02000675,102,3263,3.13%,35,717,4.88%
E02000676,187,3228,5.79%,15,416,3.61%
E02000677,87,2668,3.26%,43,1432,3.00%
E02000678,35,2030,1.72%,9,295,3.05%
E02000679,110,3044,3.61%,28,854,3.28%
E02000680,112,2439,4.59%,27,869,3.11%
E02000681,69,2839,2.43%,24,1232,1.95%
E02000682,51,2530,2.02%,18,857,2.10%
E02000683,35,2038,1.72%,0,445,0.00%
E02000685,99,2795,3.54%,12,741,1.62%
E02000686,38,2113,1.80%,23,1097,2.10%
E02000687,95,2901,3.27%,15,1037,1.45%
E02000689,205,3514,5.83%,216,3188,6.78%
E02000690,92,1643,5.60%,125,1936,6.46%
E02000691,151,3326,4.54%,120,3210,3.74%
E02000692,101,3184,3.17%,318,5928,5.36%
E02000693,226,4524,5.00%,65,2040,3.19%
E02000694,203,4106,4.94%,73,1755,4.16%
E02000695,93,3022,3.08%,19,560,3.39%
E02000696,132,3184,4.15%,28,760,3.68%
E02000697,148,4039,3.66%,256,5232,4.89%
E02000698,130,2794,4.65%,52,985,5.28%
E02000699,178,3414,5.21%,47,925,5.08%
E02000700,112,3196,3.50%,67,1714,3.91%
E02000701,94,2952,3.18%,25,940,2.66%
E02000702,96,2681,3.58%,9,341,2.64%
E02000703,162,2853,5.68%,32,555,5.77%
E02000704,142,3299,4.30%,101,2453,4.12%
E02000705,59,2866,2.06%,11,520,2.12%
E02000706,103,2887,3.57%,43,1149,3.74%
E02000707,62,2459,2.52%,13,442,2.94%
E02000708,127,3114,4.08%,82,1611,5.09%
E02000709,101,2803,3.60%,9,228,3.95%
E02000710,70,2735,2.56%,165,4097,4.03%
E02000711,77,2704,2.85%,119,2854,4.17%
E02000712,82,2929,2.80%,29,1071,2.71%
E02000713,83,2855,2.91%,39,1140,3.42%
E02000714,81,2719,2.98%,17,641,2.65%
E02000715,20,1876,1.07%,9,626,1.44%
E02000716,54,2104,2.57%,8,526,1.52%
E02000717,25,2241,1.12%,14,1052,1.33%
E02000718,31,1690,1.83%,13,492,2.64%
E02000719,64,2689,2.38%,13,765,1.70%
E02000720,87,2355,3.69%,12,637,1.88%
E02000721,45,2699,1.67%,41,1960,2.09%
E02000722,77,3058,2.52%,42,1141,3.68%
E02000723,19,3136,0.61%,32,1503,2.13%
E02000724,29,2537,1.14%,8,405,1.98%
E02000725,96,3665,2.62%,188,6613,2.84%
E02000726,111,3657,3.04%,191,4708,4.06%
E02000727,27,2420,1.12%,13,1023,1.27%
E02000728,27,2462,1.10%,2,244,0.82%
E02000729,45,2235,2.01%,13,346,3.76%
E02000730,26,2680,0.97%,49,1494,3.28%
E02000731,29,2985,0.97%,42,2824,1.49%
E02000732,22,2001,1.10%,10,1044,0.96%
E02000733,73,3144,2.32%,40,1137,3.52%
E02000734,49,2401,2.04%,6,350,1.71%
E02000735,37,2249,1.65%,30,1093,2.74%
E02000736,25,2310,1.08%,32,1234,2.59%
E02000737,61,2718,2.24%,43,1874,2.29%
E02000738,45,2661,1.69%,9,544,1.65%
E02000739,51,2252,2.26%,27,895,3.02%
E02000740,27,2092,1.29%,44,1598,2.75%
E02000741,56,2515,2.23%,167,4313,3.87%
E02000742,48,2272,2.11%,17,485,3.51%
E02000743,33,2172,1.52%,62,1798,3.45%
E02000744,72,2280,3.16%,19,673,2.82%
E02000745,71,2659,2.67%,15,226,6.64%
E02000746,41,2175,1.89%,152,5334,2.85%
E02000747,82,4033,2.03%,89,3922,2.27%
E02000748,49,1897,2.58%,170,3579,4.75%
E02000749,44,2311,1.90%,32,1553,2.06%
E02000750,96,4295,2.24%,113,3839,2.94%
E02000751,74,3581,2.07%,29,1580,1.84%
E02000752,21,1950,1.08%,39,1899,2.05%
E02000753,16,1838,0.87%,2,129,1.55%
E02000754,33,2249,1.47%,4,347,1.15%
E02000755,20,1783,1.12%,7,646,1.08%
E02000756,34,4171,0.82%,35,2052,1.71%
E02000757,114,4883,2.33%,30,2276,1.32%
E02000758,15,1836,0.82%,10,508,1.97%
E02000759,93,4424,2.10%,27,1282,2.11%
E02000760,22,2119,1.04%,6,762,0.79%
E02000762,20,2099,0.95%,1,365,0.27%
E02000763,17,2257,0.75%,18,1191,1.51%
E02000764,128,4848,2.64%,54,2018,2.68%
E02000765,16,2117,0.76%,13,850,1.53%
E02000767,17,2500,0.68%,20,1651,1.21%
E02000768,62,2195,2.82%,12,360,3.33%
E02000769,48,4849,0.99%,35,1314,2.66%
E02000770,18,2397,0.75%,15,612,2.45%
E02000772,24,2468,0.97%,59,4046,1.46%
E02000773,32,2875,1.11%,30,1321,2.27%
E02000774,25,2136,1.17%,13,651,2.00%
E02000776,31,1983,1.56%,26,1200,2.17%
E02000777,106,2181,4.86%,2,224,0.89%
E02000779,28,2319,1.21%,15,2154,0.70%
E02000780,27,3926,0.69%,84,5940,1.41%
E02000781,44,4081,1.08%,31,1179,2.63%
E02000782,20,2364,0.85%,30,1986,1.51%
E02000783,13,1774,0.73%,6,471,1.27%
E02000784,347,3604,9.63%,187,1618,11.56%
E02000785,269,3556,7.56%,272,2920,9.32%
E02000786,472,4381,10.77%,179,2082,8.60%
E02000787,309,4170,7.41%,129,1995,6.47%
E02000788,341,3359,10.15%,100,1727,5.79%
E02000789,117,2289,5.11%,89,1296,6.87%
E02000790,204,2460,8.29%,76,1102,6.90%
E02000791,100,2298,4.35%,405,6909,5.86%
E02000792,153,2505,6.11%,73,927,7.87%
E02000793,186,2877,6.47%,62,906,6.84%
E02000794,192,2550,7.53%,145,1724,8.41%
E02000795,211,1989,10.61%,114,1035,11.01%
E02000796,163,3414,4.77%,44,771,5.71%
E02000797,210,2993,7.02%,440,5252,8.38%
E02000798,319,3893,8.19%,75,1085,6.91%
E02000799,159,2243,7.09%,114,1288,8.85%
E02000800,213,1767,12.05%,28,236,11.86%
E02000801,231,2552,9.05%,264,2461,10.73%
E02000802,193,2379,8.11%,64,1374,4.66%
E02000803,219,3141,6.97%,106,1368,7.75%
E02000804,166,2688,6.18%,318,3764,8.45%
E02000805,284,3390,8.38%,174,1594,10.92%
E02000806,261,3241,8.05%,165,1973,8.36%
E02000807,296,4437,6.67%,32,778,4.11%
E02000808,318,4289,7.41%,2771,40257,6.88%
E02000809,428,6874,6.23%,1741,26423,6.59%
E02000810,275,3866,7.11%,104,1769,5.88%
E02000812,361,4309,8.38%,304,4743,6.41%
E02000813,187,3283,5.70%,103,2039,5.05%
E02000814,326,4556,7.16%,32,1177,2.72%
E02000815,194,2741,7.08%,107,2453,4.36%
E02000816,223,3442,6.48%,98,1760,5.57%
E02000817,128,2152,5.95%,116,1520,7.63%
E02000818,249,2852,8.73%,56,1605,3.49%
E02000819,199,2995,6.64%,68,1453,4.68%
E02000820,350,3497,10.01%,133,1590,8.36%
E02000821,170,2652,6.41%,65,1557,4.17%
E02000822,212,2804,7.56%,39,898,4.34%
E02000823,299,3003,9.96%,55,1243,4.42%
E02000824,138,2895,4.77%,112,2516,4.45%
E02000825,155,3113,4.98%,30,856,3.50%
E02000826,344,3275,10.50%,61,1268,4.81%
E02000827,277,3728,7.43%,163,2913,5.60%
E02000828,152,2833,5.37%,66,1971,3.35%
E02000829,280,3751,7.46%,34,798,4.26%
E02000830,488,3864,12.63%,301,3825,7.87%
E02000831,521,3889,13.40%,85,1762,4.82%
E02000832,288,3415,8.43%,37,906,4.08%
E02000833,206,2870,7.18%,48,814,5.90%
E02000834,445,4468,9.96%,69,1330,5.19%
E02000835,320,2798,11.44%,15,414,3.62%
E02000836,392,3739,10.48%,76,1541,4.93%
E02000837,415,3516,11.80%,142,1583,8.97%
E02000838,387,3888,9.95%,20,625,3.20%
E02000839,157,2985,5.26%,97,1533,6.33%
E02000840,70,2656,2.64%,12,570,2.11%
E02000841,72,2830,2.54%,75,3415,2.20%
E02000842,62,2725,2.28%,55,1602,3.43%
E02000843,123,3010,4.09%,53,1639,3.23%
E02000844,60,2714,2.21%,30,836,3.59%
E02000845,102,3174,3.21%,20,932,2.15%
E02000846,66,2378,2.78%,17,643,2.64%
E02000847,76,2815,2.70%,28,1276,2.19%
E02000848,66,2655,2.49%,33,1324,2.49%
E02000849,66,2762,2.39%,23,739,3.11%
E02000850,99,3781,2.62%,142,4945,2.87%
E02000851,67,2867,2.34%,231,8007,2.88%
E02000852,79,2763,2.86%,5,720,0.69%
E02000853,73,2618,2.79%,23,653,3.52%
E02000854,103,2605,3.95%,39,1459,2.67%
E02000855,61,2402,2.54%,17,1360,1.25%
E02000856,69,3002,2.30%,73,2478,2.95%
E02000857,62,2824,2.20%,30,1324,2.27%
E02000858,50,2345,2.13%,23,1103,2.09%
E02000859,61,2653,2.30%,22,1101,2.00%
E02000860,50,2574,1.94%,73,2135,3.42%
E02000861,58,2463,2.35%,38,1712,2.22%
E02000863,31,1970,1.57%,21,676,3.11%
E02000864,351,2919,12.02%,77,1667,4.62%
E02000865,264,2458,10.74%,182,2158,8.43%
E02000866,563,3967,14.19%,100,1098,9.11%
E02000867,365,4530,8.06%,106,2336,4.54%
E02000868,472,2722,17.34%,166,1690,9.82%
E02000869,319,2248,14.19%,175,1171,14.94%
E02000870,259,2468,10.49%,126,1570,8.03%
E02000871,113,2647,4.27%,63,1453,4.34%
E02000872,382,3016,12.67%,165,1738,9.49%
E02000873,230,2565,8.97%,316,4152,7.61%
E02000874,157,2138,7.34%,42,784,5.36%
E02000875,185,2905,6.37%,42,1822,2.31%
E02000876,254,2558,9.93%,122,2572,4.74%
E02000877,185,2980,6.21%,88,1766,4.98%
E02000878,323,4040,8.00%,1416,17580,8.05%
E02000879,200,2419,8.27%,52,987,5.27%
E02000880,175,1980,8.84%,108,2905,3.72%
E02000881,81,1852,4.37%,47,867,5.42%
E02000882,181,2472,7.32%,57,1308,4.36%
E02000883,61,2126,2.87%,41,1122,3.65%
E02000884,281,4267,6.59%,474,10039,4.72%
E02000885,125,2022,6.18%,80,1507,5.31%
E02000886,186,3206,5.80%,56,920,6.09%
E02000887,106,2629,4.03%,73,1866,3.91%
E02000888,187,3316,5.64%,31,1087,2.85%
E02000889,238,3049,7.81%,321,5441,5.90%
E02000890,230,3316,6.94%,269,4658,5.78%
E02000891,162,6021,2.69%,356,10344,3.44%
E02000893,134,2704,4.96%,22,596,3.69%
E02000894,213,5123,4.16%,19,462,4.11%
E02000895,30,2181,1.38%,18,745,2.42%
E02000896,45,2956,1.52%,18,1342,1.34%
E02000897,49,2500,1.96%,5,789,0.63%
E02000898,40,2540,1.57%,15,600,2.50%
E02000899,35,2720,1.29%,17,1356,1.25%
E02000900,66,2621,2.52%,25,1548,1.61%
E02000901,98,3441,2.85%,38,1909,1.99%
E02000902,75,2769,2.71%,12,508,2.36%
E02000903,68,2615,2.60%,22,853,2.58%
E02000904,85,2801,3.03%,47,1657,2.84%
E02000905,125,3196,3.91%,86,2153,3.99%
E02000906,173,3154,5.49%,29,778,3.73%
E02000907,93,2820,3.30%,30,1620,1.85%
E02000908,149,3929,3.79%,120,2692,4.46%
E02000909,172,3254,5.29%,46,1329,3.46%
E02000910,122,3864,3.16%,46,1805,2.55%
E02000911,149,3826,3.89%,64,3001,2.13%
E02000912,135,2911,4.64%,21,667,3.15%
E02000913,93,2954,3.15%,138,4227,3.26%
E02000914,87,3105,2.80%,58,1845,3.14%
E02000915,108,3296,3.28%,33,1100,3.00%
E02000916,178,3156,5.64%,160,3369,4.75%
E02000917,131,3331,3.93%,19,805,2.36%
E02000918,121,3364,3.60%,53,2125,2.49%
E02000919,129,3467,3.72%,6,463,1.30%
E02000920,94,3253,2.89%,67,2864,2.34%
E02000921,104,3393,3.07%,23,1022,2.25%
E02000922,130,3452,3.77%,23,721,3.19%
E02000923,429,3530,12.15%,355,2827,12.56%
E02000924,404,4990,8.10%,465,8502,5.47%
E02000925,333,3071,10.84%,38,869,4.37%
E02000926,501,4405,11.37%,193,2866,6.73%
E02000927,374,3397,11.01%,72,1110,6.49%
E02000928,448,3914,11.45%,137,1318,10.39%
E02000929,146,2680,5.45%,11,335,3.28%
E02000930,472,5437,8.68%,191,3347,5.71%
E02000931,492,4575,10.75%,51,732,6.97%
E02000932,511,5752,8.88%,535,8078,6.62%
E02000933,339,3899,8.69%,88,1650,5.33%
E02000934,424,5145,8.24%,261,4726,5.52%
E02000935,108,2017,5.35%,162,2107,7.69%
E02000936,312,4191,7.44%,88,1250,7.04%
E02000937,421,3557,11.84%,96,1022,9.39%
E02000938,253,3525,7.18%,58,1180,4.92%
E02000939,385,3294,11.69%,68,951,7.15%
E02000940,311,3568,8.72%,180,3535,5.09%
E02000941,487,4613,10.56%,128,1346,9.51%
E02000942,349,4264,8.18%,32,893,3.58%
E02000943,412,4517,9.12%,137,2488,5.51%
E02000944,131,2804,4.67%,25,883,2.83%
E02000945,135,2484,5.43%,45,1114,4.04%
E02000946,282,3719,7.58%,157,1929,8.14%
E02000947,396,4414,8.97%,124,1520,8.16%
E02000948,452,5553,8.14%,26,546,4.76%
E02000949,438,4697,9.33%,231,3672,6.29%
E02000950,201,3151,6.38%,28,642,4.36%
E02000951,269,3299,8.15%,29,820,3.54%
E02000952,244,2971,8.21%,26,613,4.24%
E02000953,264,3606,7.32%,73,1203,6.07%
E02000954,170,2695,6.31%,27,746,3.62%
E02000955,155,2509,6.18%,9,681,1.32%
E02000956,134,3005,4.46%,484,8272,5.85%
E02000957,261,4520,5.77%,86,2496,3.45%
E02000958,278,2944,9.44%,20,615,3.25%
E02000959,193,2632,7.33%,21,480,4.38%
E02000960,100,2290,4.37%,198,2979,6.65%
E02000961,142,3187,4.46%,41,1196,3.43%
E02000962,100,2863,3.49%,74,1914,3.87%
E02000963,213,3252,6.55%,42,722,5.82%
E02000964,324,4437,7.30%,56,1174,4.77%
E02000965,261,3912,6.67%,50,1154,4.33%
E02000966,248,4161,5.96%,81,1259,6.43%
E02000967,130,2998,4.34%,661,10697,6.18%
E02000968,145,3699,3.92%,224,4033,5.55%
E02000969,145,2760,5.25%,145,2530,5.73%
E02000970,189,3908,4.84%,1872,38821,4.82%
E02000971,197,3368,5.85%,444,11814,3.76%
E02000972,159,3507,4.53%,6951,104427,6.66%
E02000973,342,4507,7.59%,132,2212,5.97%
E02000974,145,2845,5.10%,606,12402,4.89%
E02000975,284,4047,7.02%,396,7596,5.21%
E02000976,292,4248,6.87%,207,4401,4.70%
E02000977,123,3035,4.05%,6990,116743,5.99%
E02000978,106,2661,3.98%,1526,19054,8.01%
E02000979,132,3269,4.04%,3560,60335,5.90%
E02000980,193,3551,5.44%,584,8024,7.28%
E02000981,338,4458,7.58%,126,2880,4.38%
E02000982,165,3151,5.24%,842,14147,5.95%
E02000983,195,3394,5.75%,77,1217,6.33%
E02004543,6,1854,0.32%,3,320,0.94%
E02006322,89,1776,5.01%,34,483,7.04%
E02006782,49,2628,1.86%,6,529,1.13%
E02006783,45,2265,1.99%,18,843,2.14%
E02006784,43,2363,1.82%,15,635,2.36%
E02006785,29,2187,1.33%,2,260,0.77%
E02006786,31,2233,1.39%,4,301,1.33%
E02006787,79,2965,2.66%,49,1858,2.64%
E02006788,50,2659,1.88%,8,512,1.56%
E02006789,14,1817,0.77%,20,1640,1.22%
E02006791,222,3022,7.35%,55,623,8.83%
E02006792,206,3524,5.85%,649,10815,6.00%
E02006793,30,2374,1.26%,55,3264,1.69%
E02006794,51,1851,2.76%,81,2198,3.69%
E02006795,17,2818,0.60%,2,454,0.44%
E02006796,44,3036,1.45%,170,3977,4.27%
E02006798,118,2790,4.23%,123,2232,5.51%
E02006799,42,2762,1.52%,18,1379,1.31%
E02006800,41,4006,1.02%,11,1468,0.75%
E02006801,237,3416,6.94%,1880,28220,6.66%
E02006802,230,2865,8.03%,739,9991,7.40%
E02006853,73,3169,2.30%,40,1617,2.47%
E02006854,51,3078,1.66%,2616,76301,3.43%
E02006882,29,5007,0.58%,46,2470,1.86%
E02006918,271,2274,11.92%,39,616,6.33%
E02006921,198,2059,9.62%,21,495,4.24%
E02006924,41,3918,1.05%,22,1653,1.33%
E02006925,30,4399,0.68%,28,2465,1.14%
E02006927,110,2781,3.96%,64,1702,3.76%
E02006928,135,2884,4.68%,74,1730,4.28%
E02006929,109,3150,3.46%,173,5693,3.04%
E02006930,194,2991,6.49%,44,2028,2.17%
E02006931,192,3979,4.83%,191,3784,5.05%
